trade_date,close,end_date,UpperBound,LowerBound,y_primary,pred_y,pred_p
2016-07-01,11.6,2016-07-29,0.02515446902355851,-0.021332200726315673,-1.0,1,0.4889235644452442
2016-07-04,11.61,2016-08-01,0.023932044387512837,-0.02030237307095979,-1.0,1,0.4992593186071944
2016-07-05,11.51,2016-08-02,0.022776009555305798,-0.02113011645937685,-1.0,1,0.49341545647280255
2016-07-06,11.4,2016-08-03,0.021635176533734164,-0.02197460658979845,-1.0,1,0.49803719513634603
2016-07-07,11.35,2016-08-04,0.020323923355474893,-0.0214691219776283,-1.0,1,0.4856309132551041
2016-07-08,11.26,2016-08-05,0.0190902309094663,-0.02163112490093843,-1.0,1,0.4863641842161372
2016-07-11,11.25,2016-08-08,0.01813298678917146,-0.020603319448122437,-1.0,0,0.5423257677714862
2016-07-12,11.4,2016-08-09,0.020546457666362525,-0.020248187214937215,-1.0,0,0.5165988324572133
2016-07-13,11.51,2016-08-10,0.021268832090235907,-0.019170396919898722,-1.0,1,0.47159412638921394
2016-07-14,11.44,2016-08-11,0.02007722449973272,-0.019340545059903836,-1.0,0,0.5213074092345733
2016-07-15,11.45,2016-08-12,0.01916859785867027,-0.018330649794063188,-1.0,1,0.4850359617586864
2016-07-18,11.5,2016-08-15,0.018793053135573314,-0.017196814410452614,-1.0,1,0.4845335968750204
2016-07-19,11.47,2016-08-16,0.01771303099528061,-0.016764053101123787,-1.0,1,0.48609310252187715
2016-07-20,11.48,2016-08-17,0.016914140977015005,-0.015884113358492165,-1.0,1,0.4841938165831203
2016-07-21,11.54,2016-08-18,0.016813087746379702,-0.014890681805811419,-1.0,1,0.4856636976046105
2016-07-22,11.39,2016-08-19,0.016896214506642585,-0.017633085322318904,-1.0,0,0.5154069712511894
2016-07-25,11.44,2016-08-22,0.01675694303227422,-0.01658554043693375,-1.0,1,0.4853362034933321
2016-07-26,11.47,2016-08-23,0.016254826708435612,-0.015604510074556136,-1.0,1,0.45737804560804296
2016-07-27,11.57,2016-08-24,0.017092550614713944,-0.014847026041203942,-1.0,1,0.35319991880857377
2016-07-28,11.43,2016-08-25,0.017015119457930297,-0.01728821627237363,-1.0,1,0.41781855088817765
2016-07-29,11.44,2016-08-26,0.016288603414542767,-0.016364262437134354,-1.0,1,0.44372668310663776
2016-08-01,11.52,2016-08-29,0.016730170084229275,-0.015465290152288329,-1.0,1,0.3532173561012259
2016-08-02,11.48,2016-08-30,0.015751867761338603,-0.01527411925148727,-1.0,1,0.40833295241298306
2016-08-03,11.42,2016-08-31,0.014835981368319831,-0.01539420890702577,-1.0,1,0.46288986330904763
2016-08-04,11.36,2016-09-01,0.013934665461628498,-0.015449252282362443,-1.0,1,0.4639144479016203
2016-08-05,11.47,2016-09-02,0.015567417546501575,-0.015090138955737046,-1.0,1,0.39238589957697523
2016-08-08,11.47,2016-09-05,0.014797196724582178,-0.014365373237699985,-1.0,1,0.38183600194189743
2016-08-09,11.51,2016-09-06,0.014538605044657048,-0.013481240937477924,-1.0,1,0.32529847828997766
2016-08-10,11.54,2016-09-07,0.014110321813487883,-0.012658420954611532,-1.0,1,0.33071538498954517
2016-08-11,11.71,2016-09-08,0.017318792633742877,-0.013205168047140463,-1.0,1,0.31415747020707085
2016-08-12,11.93,2016-09-09,0.02132774236250565,-0.014024939165103462,-1.0,1,0.4903203137574947
2016-08-15,12.35,2016-09-12,0.03202938749273447,-0.018717327456989633,-1.0,1,0.46510803908996784
2016-08-16,12.17,2016-09-13,0.031952288294657086,-0.02268899588136414,-1.0,1,0.462622901897169
2016-08-17,12.13,2016-09-14,0.03029887348320164,-0.02254637082355564,-1.0,1,0.4536282930817238
2016-08-18,11.98,2016-09-19,0.029303507693718662,-0.02465124338261038,-1.0,1,0.45254769067220435
2016-08-19,11.97,2016-09-20,0.02775800257418776,-0.02370119200699455,-1.0,1,0.4505552180933634
2016-08-22,11.96,2016-09-21,0.02629198766850489,-0.02277392096485389,-1.0,1,0.453737235679854
2016-08-23,11.95,2016-09-22,0.024901662732552197,-0.021871030953058437,-1.0,1,0.45192998593535744
2016-08-24,11.95,2016-09-23,0.02363457045884242,-0.020892570277395685,-1.0,1,0.4542712742616901
2016-08-25,11.91,2016-09-26,0.02228910484460904,-0.020436818966157233,-1.0,1,0.4638331352130518
2016-08-26,11.91,2016-09-27,0.021165824755850958,-0.01948994705629932,-1.0,1,0.4764008178586234
2016-08-29,11.83,2016-09-28,0.019981649478712105,-0.01974156965530825,-1.0,1,0.4751631544055293
2016-08-30,11.95,2016-09-29,0.020895990471149303,-0.018754965869022,-1.0,1,0.4741933108290502
2016-08-31,12.01,2016-09-30,0.020450496300245365,-0.01756099785070161,-1.0,1,0.4947718513077202
2016-09-01,11.96,2016-10-10,0.019302180830156838,-0.017487872709141063,-1.0,1,0.4932093145573992
2016-09-02,12.01,2016-10-11,0.01882997579850422,-0.016388458927108995,-1.0,0,0.513886551706432
2016-09-05,12.02,2016-10-12,0.017932310211496882,-0.01557093780404406,-1.0,0,0.510288330667693
2016-09-06,11.96,2016-10-13,0.016955154800234178,-0.015771055955395914,-1.0,1,0.49582285711964597
2016-09-07,12.01,2016-10-14,0.016651068124755405,-0.014779740598473165,-1.0,0,0.5117417922696166
2016-09-08,12.1,2016-10-17,0.017023256060117516,-0.013901578774433583,-1.0,0,0.5224085041227686
2016-09-09,12.07,2016-10-18,0.01608379159788795,-0.013735607387031059,-1.0,0,0.5187253270911073
2016-09-12,11.95,2016-10-19,0.015791729949185797,-0.01555289661555337,-1.0,1,0.48918514220051795
2016-09-13,11.99,2016-10-20,0.015452270586132097,-0.01460761185570276,-1.0,1,0.48668251965452164
2016-09-14,11.95,2016-10-21,0.014538894825421351,-0.01440325121217576,-1.0,1,0.49197659271369065
2016-09-19,12.0,2016-10-24,0.014449319281807356,-0.013526594107918488,-1.0,1,0.4853889597209214
2016-09-20,12.0,2016-10-25,0.013725525860929953,-0.012890679275030502,-1.0,0,0.504444152027497
2016-09-21,11.99,2016-10-26,0.012981230776397136,-0.012378274341535727,-1.0,0,0.5026495287755659
2016-09-22,12.05,2016-10-27,0.013137402105763836,-0.011639489140889228,-1.0,0,0.5018006252366501
2016-09-23,12.01,2016-10-28,0.01239683679895676,-0.011670153640260687,-1.0,1,0.48911561005289267
2016-09-26,12.01,2016-10-31,0.011776966805418843,-0.011119491566598586,-1.0,1,0.495077825590388
2016-09-27,12.01,2016-11-01,0.011188667467614447,-0.010593808918205643,-1.0,1,0.48484284253226984
2016-09-28,12.01,2016-11-02,0.010630285572602967,-0.010092080218375954,-1.0,0,0.5031498961072955
2016-09-29,12.03,2016-11-03,0.010298444627303355,-0.009487687402050343,-1.0,1,0.49539328993152176
2016-09-30,12.02,2016-11-04,0.009728731066096098,-0.009147569767057658,1.0,1,0.48947743737484367
2016-10-10,12.06,2016-11-07,0.009735840507390837,-0.008581456474927487,1.0,1,0.4876286707315261
2016-10-11,12.08,2016-11-08,0.009421951157596422,-0.008053698937748629,1.0,1,0.4864589036418945
2016-10-12,12.03,2016-11-09,0.009025209427724359,-0.008568219324052547,-1.0,1,0.48623675258680393
2016-10-13,11.98,2016-11-10,0.008588974806728177,-0.00897550757007273,-1.0,0,0.5298388276193322
2016-10-14,12.0,2016-11-11,0.008418102927169564,-0.008444013522576538,-1.0,0,0.5289086452838261
2016-10-17,11.86,2016-11-14,0.009544903609254744,-0.011796917957480103,-1.0,1,0.48608323685742083
2016-10-18,11.91,2016-11-15,0.01002620133490428,-0.011263738126155796,-1.0,1,0.4846846800010746
2016-10-19,11.86,2016-11-16,0.009392774184094028,-0.011312450328559685,-1.0,0,0.5124687420029875
2016-10-20,11.87,2016-11-17,0.009111952858213753,-0.010696421750825538,-1.0,1,0.49951035327723986
2016-10-21,11.88,2016-11-18,0.008828860292507932,-0.010110046433442405,-1.0,0,0.5026192065760482
2016-10-24,12.01,2016-11-21,0.011836194801731769,-0.010919172738767718,-1.0,1,0.4712102430539716
2016-10-25,11.97,2016-11-22,0.011157147587541135,-0.010956032387716518,-1.0,1,0.46189903623574285
2016-10-26,11.9,2016-11-23,0.010639832272741808,-0.01156263280623382,-1.0,1,0.46623698597128393
2016-10-27,11.8,2016-11-24,0.010374150213120242,-0.012809064981517779,-1.0,1,0.4896616135080709
2016-10-28,11.87,2016-11-25,0.011290360080834736,-0.01236956868081346,-1.0,0,0.5022493705811538
2016-10-31,11.86,2016-11-28,0.010689229817548338,-0.011818037598481467,-1.0,1,0.4784529870566591
2016-11-01,11.88,2016-11-29,0.010442140470337893,-0.011139633224515486,-1.0,1,0.4746158575524667
2016-11-02,11.81,2016-11-30,0.009917652706389859,-0.011672527103026731,-1.0,1,0.4743827035782374
2016-11-03,11.92,2016-12-01,0.0120507564127591,-0.011867071343049602,-1.0,1,0.46936665134205335
2016-11-04,11.95,2016-12-02,0.011788497089599592,-0.011146115359862424,-1.0,1,0.47193557640922656
2016-11-07,11.97,2016-12-05,0.011391662016346919,-0.01048664997515615,-1.0,1,0.48697514707994866
2016-11-08,12.01,2016-12-06,0.011269321225654293,-0.009821929378862643,-1.0,1,0.49242812481565545
2016-11-09,12.0,2016-12-07,0.010651371405565971,-0.009494207353706862,-1.0,1,0.4946589802537943
2016-11-10,12.08,2016-12-08,0.011427699138997794,-0.009104550711125264,-1.0,1,0.47442899012001544
2016-11-11,12.09,2016-12-09,0.010894599573504405,-0.00864032242447688,-1.0,1,0.4552834921959537
2016-11-14,12.1,2016-12-12,0.010388780501121514,-0.00819681546152518,-1.0,1,0.4505811926340688
2016-11-15,12.09,2016-12-13,0.009828095964228602,-0.007997270452212872,-1.0,1,0.47424526219358465
2016-11-16,12.1,2016-12-14,0.009382358830658756,-0.007573516700739762,-1.0,1,0.47270913584472
2016-11-17,12.1,2016-12-15,0.008900792867298637,-0.007264221416419547,-1.0,1,0.4699964757389348
2016-11-18,12.1,2016-12-16,0.008444135018591595,-0.006963427515415277,-1.0,1,0.46875270953790443
2016-11-21,12.13,2016-12-19,0.008311953289975044,-0.006496075072815518,-1.0,1,0.4591547649366044
2016-11-22,12.16,2016-12-20,0.008167174809310507,-0.006048046898547124,-1.0,1,0.4836809717237663
2016-11-23,12.34,2016-12-21,0.013054878750736767,-0.008318524926712752,-1.0,1,0.47356398036231745
2016-11-24,12.31,2016-12-22,0.012477093947540287,-0.008648964297232848,-1.0,1,0.4573979213762831
2016-11-25,12.46,2016-12-23,0.014697778806032152,-0.008910423408134943,-1.0,1,0.47678308728002783
2016-11-28,12.55,2016-12-26,0.014827464616985496,-0.008219857352221353,-1.0,1,0.4641809384002218
2016-11-29,12.58,2016-12-27,0.01419242568207525,-0.007756971490145788,-1.0,1,0.47312165112017224
2016-11-30,12.51,2016-12-28,0.014090441432349082,-0.009334554306317664,-1.0,1,0.4670695330938685
2016-12-01,12.5,2016-12-29,0.013379341299442182,-0.00922877675684233,-1.0,1,0.46812846578320627
2016-12-02,12.46,2016-12-30,0.012784859331937461,-0.009639110460061403,-1.0,1,0.44641041457753733
2016-12-05,12.61,2017-01-03,0.014942648042824492,-0.009810780015889009,-1.0,1,0.4482948263606898
2016-12-06,12.55,2017-01-04,0.014445325110748896,-0.010716492133997746,-1.0,1,0.3527443781929578
2016-12-07,12.44,2017-01-05,0.014430640973950734,-0.012733125423556837,-1.0,1,0.4072608205573152
2016-12-08,12.49,2017-01-06,0.014206519550557038,-0.011908767385914943,-1.0,1,0.37818888816700363
2016-12-09,12.64,2017-01-09,0.016217405424804845,-0.011852772513938185,-1.0,1,0.3172529253443181
2016-12-12,12.75,2017-01-10,0.016718352202675996,-0.011112255759510921,-1.0,1,0.31188035086673827
2016-12-13,12.52,2017-01-11,0.019048354702571872,-0.017404743634946332,-1.0,1,0.3237231736467724
2016-12-14,12.52,2017-01-12,0.018087510025723924,-0.016600433345491293,-1.0,1,0.3428515558700809
2016-12-15,12.17,2017-01-13,0.021920830050233306,-0.025908713053832355,-1.0,1,0.4333144638284948
2016-12-16,12.14,2017-01-16,0.020707389783240507,-0.024791664881734884,-1.0,1,0.45474322405101714
2016-12-19,12.04,2017-01-17,0.01932610121772388,-0.02458330249731403,-1.0,1,0.4690080091937506
2016-12-20,11.87,2017-01-18,0.018275403363945994,-0.02571763309309899,-1.0,1,0.4630167894001805
2016-12-21,11.9,2017-01-19,0.018127143368194966,-0.024384398837428628,-1.0,1,0.4620651195160011
2016-12-22,11.8,2017-01-20,0.016835408107056485,-0.024096734483982182,-1.0,1,0.4562058215966273
2016-12-23,11.8,2017-01-23,0.01630468087728331,-0.022874452361168467,-1.0,1,0.4051207621329757
2016-12-26,11.85,2017-01-24,0.0165990164698764,-0.021743095431486777,-1.0,1,0.4040944880508444
2016-12-27,11.77,2017-01-25,0.015437578411736652,-0.021386983186526994,-1.0,1,0.400569757849776
2016-12-28,11.73,2017-01-26,0.014500238940349332,-0.020530652784207258,-1.0,1,0.4000051838482534
2016-12-29,11.71,2017-02-03,0.013789386863288629,-0.01956928510296961,-1.0,1,0.39899247959463713
2016-12-30,11.82,2017-02-06,0.01578780967324978,-0.019226765223437334,-1.0,1,0.38139500206025173
2017-01-03,11.88,2017-02-07,0.016081871224880008,-0.018221878627430653,-1.0,1,0.3756887467395103
2017-01-04,11.9,2017-02-08,0.015593588117362212,-0.017205975767288984,-1.0,1,0.38557960279043446
2017-01-05,11.88,2017-02-09,0.01471727355724887,-0.016499910002420713,-1.0,1,0.38565656595155673
2017-01-06,11.79,2017-02-10,0.01385658245109441,-0.016917063044345124,-1.0,1,0.4798607719513002
2017-01-09,11.81,2017-02-13,0.013541954684047296,-0.01598715141127413,-1.0,1,0.4521232509231882
2017-01-10,11.8,2017-02-14,0.0128638470061112,-0.015228548806935478,-1.0,0,0.5512120443652887
2017-01-11,11.78,2017-02-15,0.012132586183590451,-0.014595887812907658,-1.0,0,0.5679515054240647
2017-01-12,11.75,2017-02-16,0.011382415468609325,-0.014087307418943939,-1.0,0,0.5550393650368053
2017-01-13,11.86,2017-02-17,0.013407600863167777,-0.014064407865851477,-1.0,1,0.4643780579899754
2017-01-16,12.07,2017-02-20,0.018377724947365382,-0.01560055033074587,-1.0,1,0.38882951969367385
2017-01-17,11.95,2017-02-21,0.017845627272652344,-0.01721865976237755,-1.0,1,0.4876333004776332
2017-01-18,12.01,2017-02-22,0.017673444480281693,-0.01615380720908069,-1.0,1,0.40242725911381616
2017-01-19,12.06,2017-02-23,0.017308420687013854,-0.015133510774974846,-1.0,1,0.38124325404765935
2017-01-20,12.1,2017-02-24,0.016784838767817698,-0.014188491704544313,-1.0,1,0.39055269477136884
2017-01-23,12.08,2017-02-27,0.015853675324186477,-0.013828408933605795,-1.0,1,0.40295320859183165
2017-01-24,12.17,2017-02-28,0.016277968560938817,-0.013017013255175342,-1.0,1,0.40359864276020374
2017-01-25,12.17,2017-03-01,0.015442308029742611,-0.01249191989595661,-1.0,1,0.40947283062906953
2017-01-26,12.2,2017-03-02,0.014872502662446404,-0.011726913398544784,-1.0,1,0.42906919498591284
2017-02-03,12.12,2017-03-03,0.014369047967202548,-0.012780181490339179,-1.0,1,0.45736292277410545
2017-02-06,12.14,2017-03-06,0.013804227890591322,-0.012042872506762559,-1.0,1,0.4614633352082984
2017-02-07,12.15,2017-03-07,0.01316583839425645,-0.011419850189839948,-1.0,1,0.45112502166838603
2017-02-08,12.15,2017-03-08,0.012494496822161572,-0.01091479320864188,-1.0,1,0.45781146368840936
2017-02-09,12.19,2017-03-09,0.012264448184378565,-0.010206621105479798,-1.0,1,0.4630870039858508
2017-02-10,12.23,2017-03-10,0.012019527303193103,-0.0095291123270466,-1.0,1,0.3997270760818385
2017-02-13,12.28,2017-03-13,0.01190877277709657,-0.0088745877986783,-1.0,1,0.38119007847800535
2017-02-14,12.21,2017-03-14,0.011627903429433501,-0.009968402734674118,-1.0,1,0.40198854876493545
2017-02-15,12.28,2017-03-15,0.01197539018121269,-0.009388222885954197,-1.0,1,0.3713046579142881
2017-02-16,12.23,2017-03-16,0.011447087410811432,-0.009887269381768034,-1.0,1,0.39746442189436276
2017-02-17,12.13,2017-03-17,0.011422869506773669,-0.011573510337639167,-1.0,1,0.4968018643234048
2017-02-20,12.33,2017-03-20,0.016311943249572216,-0.013305380191783858,-1.0,0,0.5357645615561323
2017-02-21,12.3,2017-03-21,0.01541225268154434,-0.013149171819735826,-1.0,0,0.5226937262235525
2017-02-22,12.21,2017-03-22,0.014830557555924703,-0.014173484395240809,-1.0,0,0.5211403568378502
2017-02-23,12.17,2017-03-23,0.01394921032406177,-0.013983286988204915,-1.0,0,0.5459484872891148
2017-02-24,12.18,2017-03-24,0.013354439707905334,-0.013232890023082464,-1.0,0,0.5458287880850755
2017-02-27,12.09,2017-03-27,0.012769843157557817,-0.014069393442718077,-1.0,0,0.5449804865554332
2017-02-28,12.09,2017-03-28,0.012182710181327662,-0.013358493772663136,-1.0,0,0.5489345310478989
2017-03-01,12.07,2017-03-29,0.011471914581514872,-0.012859528307008873,-1.0,0,0.5604171141497061
2017-03-02,11.96,2017-03-30,0.011136788835168018,-0.014125582205853067,-1.0,0,0.564337966175606
2017-03-03,11.92,2017-03-31,0.01039741952355284,-0.013730137335125027,-1.0,0,0.5629536307385846
2017-03-06,11.96,2017-04-05,0.010689943951102985,-0.013057641018715916,-1.0,0,0.5649648832035776
2017-03-07,11.98,2017-04-06,0.010517831918838013,-0.012336224503821139,-1.0,0,0.565027151494991
2017-03-08,11.95,2017-04-07,0.009850724873071768,-0.011972127688056501,-1.0,0,0.572189488132429
2017-03-09,11.82,2017-04-10,0.009953988565963226,-0.013949543493806558,-1.0,0,0.5669933883591621
2017-03-10,11.83,2017-04-11,0.009761300541694216,-0.013223945476409612,-1.0,0,0.5634122398889212
2017-03-13,11.91,2017-04-12,0.011160422741510054,-0.012998053872919222,-1.0,0,0.5638689551135528
2017-03-14,11.85,2017-04-13,0.010442181710833703,-0.013057181305918188,-1.0,0,0.5804647716129425
2017-03-15,11.84,2017-04-14,0.00992118964676201,-0.012439522613743212,-1.0,0,0.5757451576112731
2017-03-16,11.87,2017-04-17,0.009971870149108917,-0.01177417140494905,-1.0,0,0.5441630904510977
2017-03-17,11.81,2017-04-18,0.009346014004448787,-0.011948096093066051,-1.0,0,0.5773176317757136
2017-03-20,11.77,2017-04-19,0.00870503799752007,-0.01170692179198331,-1.0,0,0.5600717382967512
2017-03-21,11.66,2017-04-20,0.008541000739144423,-0.01302841941032545,-1.0,0,0.5617486972453498
2017-03-22,11.5,2017-04-21,0.009028493398967486,-0.015698062672893177,-1.0,0,0.5728359808469619
2017-03-23,11.58,2017-04-24,0.010955289796263042,-0.015656328663148193,-1.0,0,0.5746568478390124
2017-03-24,11.63,2017-04-25,0.011558032810326004,-0.014992306070841139,-1.0,0,0.5493138781680489
2017-03-27,11.69,2017-04-26,0.01223846791029239,-0.014355191336472749,-1.0,0,0.5591464330318058
2017-03-28,11.67,2017-04-27,0.011534241252478027,-0.013773181495212639,-1.0,0,0.5713885373555323
2017-03-29,11.57,2017-04-28,0.011019929865732312,-0.014683732942492199,-1.0,0,0.5572969815905547
2017-03-30,11.52,2017-05-02,0.01024763471154116,-0.014381551780990582,-1.0,0,0.5478793046747514
2017-03-31,11.67,2017-05-03,0.014185867791947237,-0.015449887997639569,-1.0,0,0.527128635330676
2017-04-05,11.78,2017-05-04,0.015658736434156884,-0.015011897572640421,-1.0,0,0.5139617847647334
2017-04-06,11.74,2017-05-05,0.014727012158706705,-0.014789396045906098,-1.0,0,0.5093086590226614
2017-04-07,11.74,2017-05-08,0.014009643483829017,-0.014066086048437992,-1.0,0,0.5067187901340178
2017-04-10,11.64,2017-05-09,0.013459460791517023,-0.015129575492829906,-1.0,0,0.5318560278673768
2017-04-11,11.58,2017-05-10,0.012597897751835481,-0.015099430100642375,-1.0,0,0.5430658917144356
2017-04-12,11.58,2017-05-11,0.012062587855472536,-0.014325879028202582,-1.0,0,0.5499095460027447
2017-04-13,11.48,2017-05-12,0.011489160862333375,-0.015174995732898657,-1.0,0,0.5426720157775183
2017-04-14,11.31,2017-05-15,0.011813585045684465,-0.017967435642862576,-1.0,0,0.5101866392304529
2017-04-17,11.34,2017-05-16,0.012058129746609473,-0.017111613620246813,-1.0,0,0.5119503791566272
2017-04-18,11.15,2017-05-17,0.01243486017797236,-0.02020705987316805,-1.0,0,0.5353746955673206
2017-04-19,11.01,2017-05-18,0.011671617725199607,-0.02110360792561476,-1.0,0,0.5195233002658581
2017-04-20,10.87,2017-05-19,0.01083633302506645,-0.0217890860635373,-1.0,0,0.5173387760979631
2017-04-21,10.97,2017-05-22,0.013779408969215815,-0.02193666171830849,-1.0,0,0.5253275233285408
2017-04-24,10.93,2017-05-23,0.012955783244246889,-0.021021869064854547,-1.0,0,0.5528324195007415
2017-04-25,10.97,2017-05-24,0.01352094915122726,-0.020114074417491332,-1.0,0,0.5350338909740252
2017-04-26,10.97,2017-05-25,0.013136807284721212,-0.019102015858960132,-1.0,0,0.5320508265596358
2017-04-27,11.09,2017-05-26,0.01580416180943334,-0.01912506480517331,-1.0,0,0.5559294938380143
2017-04-28,11.09,2017-05-31,0.015139928048866016,-0.01814455456882123,-1.0,0,0.549740813250422
2017-05-02,11.05,2017-06-01,0.01417818193162671,-0.017582367830633806,-1.0,0,0.5265874719639295
2017-05-03,10.99,2017-06-02,0.013214221265017978,-0.017322770411738686,-1.0,0,0.5256237992008221
2017-05-04,10.92,2017-06-05,0.012289089689734398,-0.017225396060576943,-1.0,0,0.5132401852696508
2017-05-05,10.88,2017-06-06,0.011471062944363498,-0.01664200680369723,-1.0,0,0.5239463078142854
2017-05-08,10.83,2017-06-07,0.01064804904938376,-0.0162027125411619,-1.0,0,0.5115041814499128
2017-05-09,10.76,2017-06-08,0.009833582290409024,-0.016097325449636865,-1.0,0,0.5054944352561368
2017-05-10,10.65,2017-06-09,0.00924176205561086,-0.016851815390150335,-1.0,1,0.49632640413662354
2017-05-11,10.75,2017-06-12,0.01219273989495785,-0.01728755005477928,-1.0,1,0.4842407717028748
2017-05-12,11.09,2017-06-13,0.025597183197259146,-0.024187725722811863,-1.0,1,0.49349593440798256
2017-05-15,11.13,2017-06-14,0.024722052717227227,-0.02276111500225111,-1.0,1,0.4986852398628369
2017-05-16,11.13,2017-06-15,0.02347756254115586,-0.021703380799034614,-1.0,0,0.5038845909676994
2017-05-17,11.09,2017-06-16,0.022116882956835122,-0.021197385190153996,-1.0,1,0.49771399272785655
2017-05-18,10.94,2017-06-19,0.02138029601129084,-0.02311979803191268,-1.0,1,0.4919479142711818
2017-05-19,10.95,2017-06-20,0.020489641826148187,-0.021892048416234614,-1.0,1,0.48377795155070596
2017-05-22,10.96,2017-06-21,0.019630867660006265,-0.020728283146274933,-1.0,1,0.4702395953708718
2017-05-23,11.25,2017-06-22,0.027204289343291936,-0.02314957002134454,-1.0,1,0.43629488116049314
2017-05-24,11.28,2017-06-23,0.026042884639604892,-0.021860043348319154,-1.0,1,0.46815725085428966
2017-05-25,12.41,2017-06-26,0.0747691856856562,-0.05189899594592147,-1.0,0,0.5250419374783745
2017-05-26,12.32,2017-06-27,0.07094138381507308,-0.051639783574360706,-1.0,0,0.5212141471301678
2017-05-31,12.32,2017-06-28,0.0673197458494553,-0.04985639325071554,-1.0,0,0.5048268916551877
2017-06-01,12.4,2017-06-29,0.0642637155017451,-0.04722544410288532,-1.0,1,0.47952879373754775
2017-06-02,12.37,2017-06-30,0.06090923702193643,-0.04595080099439662,-1.0,1,0.4744787370030857
2017-06-05,12.33,2017-07-03,0.057689695835707926,-0.044765396572695716,-1.0,1,0.48117626973494737
2017-06-06,12.28,2017-07-04,0.05459691383329813,-0.043684452595334704,-1.0,1,0.47899090082019014
2017-06-07,12.32,2017-07-05,0.05201102912579253,-0.04150927848192086,-1.0,1,0.47351583901038935
2017-06-08,12.32,2017-07-06,0.04934088146277999,-0.0398392975468961,-1.0,1,0.4802940332183084
2017-06-09,12.41,2017-07-07,0.04743499417198323,-0.03744784681951685,-1.0,1,0.44097119088859577
2017-06-12,12.27,2017-07-10,0.04498748712755995,-0.038103877618185615,-1.0,1,0.4594274329678615
2017-06-13,12.08,2017-07-11,0.04276971564348976,-0.03949406894453203,-1.0,1,0.4585365087165833
2017-06-14,11.96,2017-07-12,0.04027566198991441,-0.03919769592895266,-1.0,1,0.4882912612845445
2017-06-15,11.88,2017-07-13,0.03789735148231564,-0.03819823933192168,-1.0,1,0.4944521885909294
2017-06-16,11.85,2017-07-14,0.035844121642888346,-0.03659254398300808,-1.0,0,0.5000681386657729
2017-06-19,11.9,2017-07-17,0.03462193493236309,-0.034499078954376185,-1.0,0,0.5065553561147393
2017-06-20,11.8,2017-07-18,0.03252191683032271,-0.034010761421667896,-1.0,0,0.5185223064492621
2017-06-21,11.84,2017-07-19,0.03139120276529865,-0.03209063358603953,-1.0,0,0.5128409055153508
2017-06-22,12.06,2017-07-20,0.03373221812111464,-0.0308221793398802,-1.0,0,0.5002740944123467
2017-06-23,12.13,2017-07-21,0.03268191373284592,-0.02894425959744333,-1.0,1,0.4688664702623659
2017-06-26,12.13,2017-07-24,0.031021543788819304,-0.02763985671393125,-1.0,1,0.4002201417334885
2017-06-27,12.19,2017-07-25,0.02996242254231534,-0.025969467569797573,-1.0,1,0.3736500337515302
2017-06-28,12.27,2017-07-26,0.02917995992779152,-0.024310143524084966,-1.0,1,0.3668404385514569
2017-06-29,12.25,2017-07-27,0.027606079655938216,-0.02350481719544181,-1.0,1,0.38517062619293746
2017-06-30,12.14,2017-07-28,0.026201127435299832,-0.024204747113898323,-1.0,1,0.3729724707817903
2017-07-03,12.05,2017-07-31,0.02469903429906872,-0.02430230924637212,-1.0,1,0.3813602460780619
2017-07-04,12.04,2017-08-01,0.023415825077781227,-0.023209264315817636,-1.0,1,0.43608784214475765
2017-07-05,12.11,2017-08-02,0.02308439530039448,-0.021792745087189327,-1.0,1,0.44467255057326993
2017-07-06,12.15,2017-08-03,0.022301732828695638,-0.020504525492938595,-1.0,1,0.42913589738684627
2017-07-07,12.09,2017-08-04,0.021002227904140133,-0.020309516505121857,-1.0,1,0.45581890761494614
2017-07-10,12.03,2017-08-07,0.019746993809005655,-0.020072635876560548,-1.0,1,0.4199152476250042
2017-07-11,12.28,2017-08-08,0.02459505814168183,-0.020927781917088634,-1.0,1,0.32244300139202026
2017-07-12,12.34,2017-08-09,0.023854741610639555,-0.019603396455055235,-1.0,1,0.34241897200417354
2017-07-13,12.74,2017-08-10,0.03257187368739863,-0.022553989975203293,-1.0,1,0.3209627901402146
2017-07-14,13.04,2017-08-11,0.03525531948534838,-0.021715329460028784,-1.0,1,0.368371498584631
2017-07-17,13.21,2017-08-14,0.03471690289124645,-0.01999024524929063,-1.0,1,0.3926563196761178
2017-07-18,13.0,2017-08-15,0.03469953398997122,-0.024403986599630237,-1.0,1,0.3525273994462013
2017-07-19,13.14,2017-08-16,0.034000838139036975,-0.022628676214442752,-1.0,1,0.36895647426650247
2017-07-20,13.07,2017-08-17,0.0323735190601129,-0.02309394398548003,-1.0,1,0.3752533179581845
2017-07-21,12.91,2017-08-18,0.03129890940658699,-0.025226912910490593,-1.0,1,0.3860915726177113
2017-07-24,13.12,2017-08-21,0.032344691415374646,-0.023746218395096948,-1.0,1,0.4064890780974603
2017-07-25,12.97,2017-08-22,0.031107057401918017,-0.02549891514547629,-1.0,1,0.4221801474584983
2017-07-26,12.84,2017-08-23,0.029589074682711748,-0.02641980311735971,-1.0,1,0.4488792355019543
2017-07-27,12.84,2017-08-24,0.02808834810787832,-0.02522091192970267,-1.0,1,0.4660404124176333
2017-07-28,12.93,2017-08-25,0.02753817761631109,-0.023610497264628355,-1.0,1,0.46476340105368796
2017-07-31,12.82,2017-08-28,0.02609658044101635,-0.02416201250377959,-1.0,1,0.47301271392638433
2017-08-01,12.89,2017-08-29,0.025457121533461174,-0.02265917911405649,-1.0,1,0.45874532727252676
2017-08-02,12.9,2017-08-30,0.02422863572403032,-0.021544783058854655,-1.0,1,0.453687115448071
2017-08-03,12.55,2017-08-31,0.026335332635601116,-0.029068989748061227,-1.0,0,0.5016302442411772
2017-08-04,12.35,2017-09-01,0.025015112647074678,-0.03051699289168145,-1.0,0,0.5023701937883907
2017-08-07,12.41,2017-09-04,0.02478755854737223,-0.028832116863921214,-1.0,0,0.5106066475250919
2017-08-08,12.35,2017-09-05,0.02326924609769222,-0.0278428940983794,-1.0,0,0.5058969249492448
2017-08-09,12.25,2017-09-06,0.0217191006894528,-0.02740002030912215,-1.0,0,0.5049301813055593
2017-08-10,12.27,2017-09-07,0.02109585998283193,-0.025930977733961344,-1.0,1,0.469237553978621
2017-08-11,12.17,2017-09-08,0.019667364809432864,-0.02558485229854995,-1.0,1,0.41608449969253003
2017-08-14,12.05,2017-09-11,0.01830426167119905,-0.025543893208971657,-1.0,0,0.5181849492705465
2017-08-15,12.08,2017-09-12,0.01814026670921157,-0.02421421905291059,-1.0,0,0.5165841600569179
2017-08-16,11.99,2017-09-13,0.0168601379218644,-0.023784190042353992,-1.0,0,0.5027856995880376
2017-08-17,12.03,2017-09-14,0.016936659476657005,-0.022572706633290446,-1.0,1,0.47529561223752187
2017-08-18,12.01,2017-09-15,0.016090970117028102,-0.021514060401601216,-1.0,0,0.5007911091193665
2017-08-21,12.01,2017-09-18,0.015505878342740117,-0.020412483838306267,-1.0,0,0.5014532342626509
2017-08-22,11.93,2017-09-19,0.014415290769084672,-0.02013079097935881,-1.0,0,0.5086661583245955
2017-08-23,12.06,2017-09-20,0.016853988664794754,-0.01994896504551897,-1.0,1,0.4570915125418085
2017-08-24,11.97,2017-09-21,0.01575235313858965,-0.019981141292578226,-1.0,0,0.5412157249837916
2017-08-25,12.27,2017-09-22,0.024089431613212503,-0.0231345256572974,-1.0,1,0.49284011459986676
2017-08-28,12.37,2017-09-25,0.024127379814586514,-0.02172056014018714,-1.0,1,0.4183782293139993
2017-08-29,12.44,2017-09-26,0.023604271050952697,-0.0203409580122104,-1.0,1,0.4212470773091744
2017-08-30,12.35,2017-09-27,0.022357045603966813,-0.02077595285462855,-1.0,1,0.46799396024904166
2017-08-31,12.2,2017-09-28,0.021496967014082394,-0.022371216431347776,-1.0,1,0.49435572400190364
2017-09-01,12.26,2017-09-29,0.021180876163855753,-0.021038530398524432,-1.0,1,0.4975672222188734
2017-09-04,12.27,2017-10-09,0.02022471641026324,-0.019943546432106326,-1.0,1,0.4805770642361931
2017-09-05,12.51,2017-10-10,0.024406837413426245,-0.0204191121950938,-1.0,1,0.47479146918517096
2017-09-06,12.44,2017-10-11,0.023074801750107895,-0.020533526552569018,-1.0,1,0.49381921250004984
2017-09-07,12.33,2017-10-12,0.021920297885637964,-0.021297239373578983,-1.0,1,0.4975542868158375
2017-09-08,12.51,2017-10-13,0.02395552048497107,-0.020610848497870086,-1.0,1,0.4702788514148196
2017-09-11,12.47,2017-10-16,0.022606055873761317,-0.02018944788543185,-1.0,1,0.49206404414366606
2017-09-12,12.51,2017-10-17,0.021786636456465377,-0.018990657800357767,-1.0,1,0.4622146374801475
2017-09-13,12.35,2017-10-18,0.02124116259602114,-0.021149562859542826,-1.0,0,0.5173226043880023
2017-09-14,12.33,2017-10-19,0.02007422603731766,-0.020296111990027756,-1.0,1,0.49338802438542906
2017-09-15,12.31,2017-10-20,0.018968105681789058,-0.01947362154376486,-1.0,0,0.526933192178029
2017-09-18,12.39,2017-10-23,0.01912003904915084,-0.018339315305224188,-1.0,1,0.45822900777317677
2017-09-19,12.38,2017-10-24,0.018106893030557295,-0.017552904881290323,-1.0,1,0.48258685617496305
2017-09-20,12.36,2017-10-25,0.017095492116828755,-0.016899026648444348,-1.0,1,0.4990288640567347
2017-09-21,12.35,2017-10-26,0.016189355613536204,-0.016163982094521745,-1.0,1,0.4930141036870682
2017-09-22,12.37,2017-10-27,0.015580616507220955,-0.015252897609065015,-1.0,1,0.42763709249772336
2017-09-25,12.42,2017-10-30,0.015374396626758376,-0.014315984290331572,-1.0,1,0.3285731115485593
2017-09-26,12.34,2017-10-31,0.014593790157283662,-0.014855226614802269,-1.0,1,0.34896211519425957
2017-09-27,12.33,2017-11-01,0.013817142405306296,-0.01420606110496599,-1.0,1,0.3616677320098837
2017-09-28,12.32,2017-11-02,0.013080551833441598,-0.013584811609324175,-1.0,1,0.3662877575985082
2017-09-29,12.35,2017-11-03,0.01278258138708679,-0.012781673565266263,-1.0,1,0.3864670118331598
2017-10-09,12.51,2017-11-06,0.01569995220998221,-0.013222940371192206,-1.0,1,0.31461672850676553
2017-10-10,12.57,2017-11-07,0.015499547406697392,-0.01234415574303025,-1.0,1,0.33971566345620263
2017-10-11,12.53,2017-11-08,0.014674089567646216,-0.012428735205280705,-1.0,1,0.3505114817604234
2017-10-12,12.52,2017-11-09,0.013881449847365238,-0.01200231970998692,-1.0,1,0.3263939508619114
2017-10-13,12.42,2017-11-10,0.013524514077565759,-0.013348158238985377,-1.0,1,0.38341452922145536
2017-10-16,12.51,2017-11-13,0.014244797224894459,-0.012713808609036018,-1.0,1,0.40399177503508193
2017-10-17,12.47,2017-11-14,0.013429795542988728,-0.012654139176259661,-1.0,1,0.41869404680431116
2017-10-18,12.54,2017-11-15,0.013680709368141437,-0.01191225836967228,-1.0,1,0.4191105229945296
2017-10-19,12.6,2017-11-16,0.013655457084390425,-0.011141144276251663,-1.0,1,0.33040564244567494
2017-10-20,12.49,2017-11-17,0.013539465208028359,-0.012921753619712338,-1.0,1,0.40119968291285124
2017-10-23,12.32,2017-11-20,0.014102599118810438,-0.016134193396048328,-1.0,1,0.47900184738621876
2017-10-24,12.34,2017-11-21,0.01369984724474753,-0.015233194447962764,-1.0,1,0.4565547826280929
2017-10-25,12.38,2017-11-22,0.013577401314101565,-0.014355191640820107,-1.0,1,0.43759160729828656
2017-10-26,12.3,2017-11-23,0.012814230447680349,-0.014756040743282841,-1.0,1,0.49574591262757794
2017-10-27,12.33,2017-11-24,0.012618686583020679,-0.013918419707613408,-1.0,1,0.44057637539648786
2017-10-30,12.19,2017-11-27,0.012511369739436251,-0.015858747328353486,-1.0,1,0.458433121858588
2017-10-31,12.1,2017-11-28,0.011707516324113315,-0.016145619856943193,-1.0,1,0.45735962121539026
2017-11-01,12.03,2017-11-29,0.010861170075929065,-0.01598135898658467,-1.0,1,0.4532803773973087
2017-11-02,12.03,2017-11-30,0.01054268863400541,-0.015175240505550957,-1.0,1,0.4505733701050055
2017-11-03,12.07,2017-12-01,0.010909118861134557,-0.014471903887771002,-1.0,1,0.39183295575069915
2017-11-06,11.97,2017-12-04,0.010291398655737426,-0.015095823203646594,-1.0,1,0.3979680936396577
2017-11-07,12.03,2017-12-05,0.01117372424089663,-0.014568203593766827,-1.0,1,0.3677152318377871
2017-11-08,12.07,2017-12-06,0.011386014710557354,-0.01382863888696372,-1.0,1,0.3617757299753797
2017-11-09,12.04,2017-12-07,0.01067357621708359,-0.01335975999573697,-1.0,1,0.3689614669782975
2017-11-10,12.12,2017-12-08,0.011804465660083583,-0.012977679555055686,-1.0,1,0.355350864634496
2017-11-13,12.28,2017-12-11,0.015144301101028946,-0.013691494625051323,-1.0,1,0.3337746017917914
2017-11-14,12.09,2017-12-12,0.016021608622554705,-0.01765954562047972,-1.0,1,0.36628028440824517
2017-11-15,12.09,2017-12-13,0.015285206319335302,-0.01676714931745793,-1.0,1,0.3635047638596656
2017-11-16,11.89,2017-12-14,0.015715918788014753,-0.020199581500601894,-1.0,1,0.4205618363348911
2017-11-17,12.27,2017-12-15,0.027799255356853868,-0.025760664477766038,-1.0,1,0.3283964992192343
2017-11-20,12.33,2017-12-18,0.026968733943375442,-0.024190961243248356,-1.0,1,0.32340813954975817
2017-11-21,12.42,2017-12-19,0.02654226833721721,-0.022638569227578422,-1.0,1,0.32703493617697826
2017-11-22,12.7,2017-12-20,0.03037177234026198,-0.02255413981249355,-1.0,1,0.40428935690731593
2017-11-23,12.53,2017-12-21,0.029505367889312024,-0.02498465274514059,-1.0,1,0.4386571999019698
2017-11-24,12.56,2017-12-22,0.028188967390878925,-0.023641653689009532,-1.0,1,0.45276600974028913
2017-11-27,12.57,2017-12-25,0.026799662280070267,-0.02253304512123605,-1.0,1,0.4296067106957911
2017-11-28,12.42,2017-12-26,0.02573539301429468,-0.02414178701344468,-1.0,1,0.45103835943723203
2017-11-29,12.42,2017-12-27,0.024447102515568583,-0.023005268514799535,-1.0,1,0.4436663385899618
2017-11-30,12.39,2017-12-28,0.02306994810467812,-0.0222225744849347,-1.0,1,0.43689511399326875
2017-12-01,12.39,2017-12-29,0.021925738567815503,-0.021159067197571456,-1.0,1,0.4387962497156174
2017-12-04,12.4,2018-01-02,0.020915467311353127,-0.02006943130970375,-1.0,1,0.4406672417883188
2017-12-05,12.64,2018-01-03,0.02482689915003368,-0.020366199910446144,-1.0,1,0.4374313349831441
2017-12-06,12.44,2018-01-04,0.02459476085624747,-0.02356841392519208,-1.0,1,0.4417610739234701
2017-12-07,12.44,2018-01-05,0.023372543927720927,-0.022443944323432722,-1.0,1,0.44329941483527163
2017-12-08,12.41,2018-01-08,0.0220497905712447,-0.02166677188165061,-1.0,1,0.4500541471654049
2017-12-11,12.45,2018-01-09,0.021348226124975802,-0.020392161596295432,-1.0,1,0.45208436119712203
2017-12-12,12.24,2018-01-10,0.021265136623063195,-0.02361917347806667,-1.0,1,0.4718088884909184
2017-12-13,12.23,2018-01-11,0.020206843424128082,-0.022489067245321702,-1.0,1,0.4652056051290804
2017-12-14,12.18,2018-01-12,0.018961109163594118,-0.021806930716102634,-1.0,1,0.48695733044618145
2017-12-15,12.11,2018-01-15,0.01772922457170008,-0.021389729785874455,-1.0,1,0.48854497847469947
2017-12-18,12.14,2018-01-16,0.017368869129222225,-0.02020456432299904,-1.0,1,0.4915499288044716
2017-12-19,12.24,2018-01-17,0.018283464590851405,-0.019287188813792325,-1.0,1,0.4746242388194681
2017-12-20,12.22,2018-01-18,0.017274201750562004,-0.018487095095127602,-1.0,1,0.4739917644704047
2017-12-21,12.19,2018-01-19,0.016259304544561672,-0.017832874713454353,-1.0,1,0.4563736366325845
2017-12-22,12.11,2018-01-22,0.015247419917233825,-0.01792826911766054,-1.0,1,0.4715247275952222
2017-12-25,12.08,2018-01-23,0.014342778836459092,-0.01724449954160707,-1.0,1,0.47140659886615555
2017-12-26,12.13,2018-01-24,0.014468111893124528,-0.01631252586444889,-1.0,1,0.47383254722563556
2017-12-27,12.11,2018-01-25,0.013658046333690173,-0.015631563736316977,-1.0,1,0.48874090781341956
2017-12-28,12.03,2018-01-26,0.01281308854483631,-0.01585579476626056,-1.0,1,0.4728677225324041
2017-12-29,12.08,2018-01-29,0.013087082455053078,-0.015040007131579783,-1.0,1,0.4597734360207025
2018-01-02,12.21,2018-01-30,0.015286550780725593,-0.014996339773773562,-1.0,1,0.46726744918436675
2018-01-03,12.15,2018-01-31,0.01438411110064495,-0.015054872570545495,-1.0,0,0.5648231946530979
2018-01-04,12.15,2018-02-01,0.013699047056958638,-0.01430592648210675,-1.0,0,0.5597944329391228
2018-01-05,12.18,2018-02-02,0.013389193243771193,-0.013462084152238532,-1.0,0,0.5426393232966709
2018-01-08,12.17,2018-02-05,0.01266944393527637,-0.012887773804842056,-1.0,0,0.5355188518507524
2018-01-09,12.19,2018-02-06,0.012252014508323536,-0.0121447891522163,-1.0,0,0.5463544052424889
2018-01-10,12.5,2018-02-07,0.02164342599619834,-0.01670831734067274,-1.0,1,0.40541544263185586
2018-01-11,12.42,2018-02-08,0.02062888855242873,-0.017382837864096046,-1.0,1,0.46481709683316325
2018-01-12,12.39,2018-02-09,0.019479745022080688,-0.016999984875493975,-1.0,1,0.447328568875206
2018-01-15,12.5,2018-02-12,0.01992203413782622,-0.01598320352900967,-1.0,1,0.3734248003511022
2018-01-16,12.38,2018-02-13,0.019311114463774346,-0.017575982008178424,-1.0,1,0.3807359234322913
2018-01-17,12.57,2018-02-14,0.021821148818447513,-0.01733698135862263,-1.0,1,0.41343244382064454
2018-01-18,12.71,2018-02-22,0.022458315278031573,-0.01628692567152334,-1.0,1,0.37857825025338576
2018-01-19,12.71,2018-02-23,0.02131235457469001,-0.0157287163592778,-1.0,1,0.4105191694650772
2018-01-22,12.26,2018-02-26,0.02812941164234216,-0.029820405637921592,-1.0,1,0.48801482877974767
2018-01-23,12.38,2018-02-27,0.028465088673541916,-0.02812836895525664,-1.0,0,0.5235273586879324
2018-01-24,13.02,2018-02-28,0.04616016573695403,-0.0360078955156483,-1.0,1,0.46967495041260654
2018-01-25,13.1,2018-03-01,0.04425722007140826,-0.03390992796641736,-1.0,1,0.4344021592696029
2018-01-26,12.87,2018-03-02,0.04263067144070165,-0.03662121667904322,-1.0,1,0.4344078254953517
2018-01-29,12.92,2018-03-05,0.0407856399042573,-0.03460565702466158,-1.0,1,0.48750814642580376
2018-01-30,12.58,2018-03-06,0.040278676848944824,-0.03969678757692965,-1.0,0,0.5260532052870793
2018-01-31,12.64,2018-03-07,0.038853143482681235,-0.03741238652228655,-1.0,1,0.48477025840657095
2018-02-01,12.76,2018-03-08,0.038211511863354634,-0.03509844604204516,-1.0,1,0.474690511577975
2018-02-02,12.61,2018-03-09,0.036066478946396564,-0.03549751463187847,-1.0,1,0.49123698202097843
2018-02-05,12.95,2018-03-12,0.040476641908655825,-0.03481900752885374,-1.0,1,0.49262258279001236
2018-02-06,12.94,2018-03-13,0.038360085291973316,-0.03339365418643809,-1.0,1,0.48799970913885954
2018-02-07,12.91,2018-03-14,0.03627478663310521,-0.03221944420428763,-1.0,1,0.48049753989865035
2018-02-08,12.57,2018-03-15,0.036103488631900944,-0.03744389310106599,-1.0,1,0.49710142337665025
2018-02-09,12.27,2018-03-16,0.034790970824868234,-0.04055609867792233,0.0,0,0.5802047135473207
2018-02-12,11.99,2018-03-19,0.03301012896142678,-0.042569054161809054,-1.0,0,0.5423873536785202
2018-02-13,12.01,2018-03-20,0.03199395972925753,-0.04031870157722245,0.0,0,0.5625802016988638
2018-02-14,11.96,2018-03-21,0.030225583258869183,-0.03855749254988506,-1.0,0,0.5436461134394168
2018-02-22,12.12,2018-03-22,0.03188842118966235,-0.03687443435772433,-1.0,0,0.5501611616083997
2018-02-23,12.21,2018-03-23,0.031690908990564585,-0.03479253995214448,-1.0,0,0.5294567130593221
2018-02-26,12.22,2018-03-26,0.030323948524328768,-0.03297780510861533,-1.0,0,0.5278010921089037
2018-02-27,12.18,2018-03-27,0.028614597632375144,-0.031644277399110604,-1.0,0,0.5279951994908849
2018-02-28,11.96,2018-03-28,0.027255665971375586,-0.033444423855564814,-1.0,0,0.5631325500921349
2018-03-01,11.97,2018-03-29,0.026240310412970185,-0.03168728183199854,-1.0,0,0.5407660936469095
2018-03-02,11.91,2018-03-30,0.024643872499803477,-0.030524465688448178,-1.0,0,0.5502143684853553
2018-03-05,11.92,2018-04-02,0.023750247368117518,-0.028918403110224623,-1.0,0,0.5568493942043959
2018-03-06,11.99,2018-04-03,0.02378883560381538,-0.02734097651334086,-1.0,0,0.5373768757060065
2018-03-07,11.99,2018-04-04,0.02273367594522329,-0.025947517720508247,-1.0,0,0.547066873157901
2018-03-08,11.97,2018-04-09,0.021536808076314584,-0.024768379206334304,-1.0,0,0.5879542066271879
2018-03-09,11.98,2018-04-10,0.0206848192328847,-0.02345624073147397,-1.0,0,0.5545578144244141
2018-03-12,12.0,2018-04-11,0.019983544997933204,-0.0221672120680854,-1.0,0,0.5527480054931682
2018-03-13,11.99,2018-04-12,0.018983414451271274,-0.02111149418140898,-1.0,0,0.56570753836593
2018-03-14,11.89,2018-04-13,0.01780751378820046,-0.021313871639277428,-1.0,0,0.5620193420190941
2018-03-15,11.89,2018-04-16,0.01704966408255473,-0.02022208309067199,-1.0,0,0.5668639674425693
2018-03-16,11.8,2018-04-17,0.0159336251734601,-0.02025152808556619,-1.0,0,0.569526815000227
2018-03-19,11.81,2018-04-18,0.01542437142702041,-0.01917866453797354,-1.0,0,0.5971955091775498
2018-03-20,11.82,2018-04-19,0.014913660432915421,-0.01815802086663492,-1.0,0,0.5800203541686514
2018-03-21,11.8,2018-04-20,0.014099200043510757,-0.017358383293066493,-1.0,0,0.6004817787204986
2018-03-22,11.76,2018-04-23,0.013200819592595349,-0.01679722348505054,-1.0,0,0.5788442840956983
2018-03-23,11.24,2018-04-24,0.02341842378161264,-0.03509136063669115,-1.0,0,0.5897606702127463
2018-03-26,11.14,2018-04-25,0.02175983556106076,-0.03401630223946513,-1.0,0,0.5395998854383416
2018-03-27,11.15,2018-04-26,0.02140364196855173,-0.03232139753472711,-1.0,0,0.5333668619766595
2018-03-28,11.1,2018-04-27,0.020190323776581767,-0.030925435955502352,-1.0,0,0.6137845931825802
2018-03-29,11.15,2018-05-02,0.020598631218718893,-0.029454208904408943,-1.0,0,0.5482688536900853
2018-03-30,11.18,2018-05-03,0.020439987892799074,-0.02793789151318531,-1.0,0,0.5590765016333582
2018-04-02,11.24,2018-05-04,0.02078139399065745,-0.026536640123387852,-1.0,0,0.564084314528593
2018-04-03,11.09,2018-05-07,0.019493211634023216,-0.027233672420779297,-1.0,0,0.5605390067384545
2018-04-04,11.07,2018-05-08,0.018584958286958404,-0.02593108947497581,-1.0,0,0.557208112448488
2018-04-09,11.04,2018-05-09,0.017599322525911388,-0.024760107886498562,-1.0,0,0.5386025804660483
2018-04-10,11.3,2018-05-10,0.024967688901816016,-0.026951256609013933,-1.0,0,0.5178650197364124
2018-04-11,11.43,2018-05-11,0.02601125266229553,-0.02561543296880793,-1.0,0,0.5222128048600616
2018-04-12,11.31,2018-05-14,0.024563916804689064,-0.02620579422486695,-1.0,0,0.505404025419235
2018-04-13,11.22,2018-05-15,0.023025307674506605,-0.02603462534038184,-1.0,0,0.5172972247139657
2018-04-16,11.08,2018-05-16,0.02170256149051715,-0.02680622985488046,-1.0,0,0.5154620402167791
2018-04-17,11.08,2018-05-17,0.02081287643668662,-0.025430481147301037,-1.0,0,0.5032586479537214
2018-04-18,11.26,2018-05-18,0.024111335673010124,-0.025203454220708882,-1.0,0,0.5020025790384716
2018-04-19,11.32,2018-05-21,0.023727436422682956,-0.023706019870600878,-1.0,1,0.48834160475572336
2018-04-20,11.14,2018-05-22,0.023005796488382947,-0.026014991036499166,-1.0,0,0.5151322137187345
2018-04-23,11.13,2018-05-23,0.02186986234057838,-0.02476389550315972,-1.0,0,0.5105706371682062
2018-04-24,11.31,2018-05-24,0.02482803976102086,-0.024360736431927786,-1.0,1,0.4879587757178703
2018-04-25,11.19,2018-05-25,0.023488876577069884,-0.02508512594598567,-1.0,0,0.5142717283043163
2018-04-26,11.1,2018-05-28,0.022021288191639742,-0.024989323334944507,-1.0,0,0.5207502302984354
2018-04-27,11.14,2018-05-29,0.021566922021002376,-0.023566572864944783,-1.0,1,0.4937452066282844
2018-05-02,10.59,2018-05-30,0.03059383622291638,-0.04181256793886427,-1.0,0,0.538738875348891
2018-05-03,10.48,2018-05-31,0.028491184998061598,-0.04062241845534779,-1.0,1,0.49831895678166244
2018-05-04,10.39,2018-06-01,0.026598517578142446,-0.03921249070616329,-1.0,0,0.5566425551140195
2018-05-07,10.4,2018-06-04,0.02599623105503065,-0.037218397218478076,-1.0,0,0.5381662780288546
2018-05-08,10.51,2018-06-05,0.02754333384652237,-0.03567767466107004,-1.0,0,0.5299684060102775
2018-05-09,10.49,2018-06-06,0.02623513650558969,-0.033956682956847103,-1.0,0,0.5650385166874732
2018-05-10,10.51,2018-06-07,0.02552432484377348,-0.0321485811568159,-1.0,0,0.500310351213463
2018-05-11,10.51,2018-06-08,0.02450470811164787,-0.030498082871067207,-1.0,1,0.4967708914204364
2018-05-14,10.56,2018-06-11,0.02432310693515424,-0.028831398384152686,-1.0,1,0.4994599628774653
2018-05-15,10.55,2018-06-12,0.023167985382869453,-0.027418344312915663,-1.0,1,0.4754978208586802
2018-05-16,10.43,2018-06-13,0.021690210199132934,-0.02770720161203189,-1.0,0,0.5229230180683078
2018-05-17,10.39,2018-06-14,0.020414115317109943,-0.02658186945258995,-1.0,0,0.5390331808564305
2018-05-18,10.46,2018-06-15,0.020962835433378086,-0.025266993936907612,-1.0,0,0.5441762727755746
2018-05-21,10.5,2018-06-19,0.020691837716980944,-0.023862266839221942,-1.0,0,0.5296058571787913
2018-05-22,10.44,2018-06-20,0.01935706296260367,-0.02331126073986934,-1.0,0,0.5498054157677296
2018-05-23,10.37,2018-06-21,0.01806436707715058,-0.022918165066105233,-1.0,0,0.5361813208777745
2018-05-24,10.36,2018-06-22,0.017219018493527593,-0.021801026197819897,-1.0,0,0.5250161252405189
2018-05-25,10.28,2018-06-25,0.016035412038033502,-0.021647704722869397,-1.0,0,0.525499675656217
2018-05-28,10.33,2018-06-26,0.016441006894399705,-0.0205854621806798,-1.0,1,0.49609410097917217
2018-05-29,10.21,2018-06-27,0.015541527765079461,-0.021500796833618597,-1.0,0,0.5324538908458578
2018-05-30,10.02,2018-06-28,0.015504896264971892,-0.02443947304126921,-1.0,0,0.6104292472600852
2018-05-31,10.13,2018-06-29,0.018164634005713717,-0.024153060612839856,-1.0,0,0.5317463177020545
2018-06-01,10.25,2018-07-02,0.020425374771947148,-0.02359585598791842,-1.0,0,0.5433069283858829
2018-06-04,10.32,2018-07-03,0.020750242417740535,-0.02232353494647644,-1.0,0,0.5111180112035886
2018-06-05,10.23,2018-07-04,0.019492586320489058,-0.022573184322678692,-1.0,0,0.5089771123453356
2018-06-06,10.13,2018-07-05,0.018288654150329035,-0.022942528533262514,-1.0,0,0.52744779594953
2018-06-07,10.19,2018-07-06,0.018682360599657256,-0.02176919932707326,-1.0,0,0.5173281272371193
2018-06-08,10.0,2018-07-09,0.018642089211462366,-0.024977800441029225,-1.0,0,0.5312629932360986
2018-06-11,10.0,2018-07-10,0.017966808351101673,-0.023699118511185977,-1.0,0,0.5010531953987698
2018-06-12,9.93,2018-07-11,0.016712071367534005,-0.023231780559991234,-1.0,1,0.4812001764488967
2018-06-13,9.8,2018-07-12,0.01570323919587623,-0.024097261798575628,-1.0,0,0.5332694311350084
2018-06-14,9.81,2018-07-13,0.015483951101034607,-0.022888066789191204,-1.0,0,0.5042655914991682
2018-06-15,9.89,2018-07-16,0.017038640191267163,-0.022175697242456466,-1.0,0,0.5227554217049846
2018-06-19,9.52,2018-07-17,0.022185566956667086,-0.03395719000298122,-1.0,0,0.5715525593157037
2018-06-20,9.49,2018-07-18,0.02112015062569862,-0.03238019052474474,-1.0,0,0.5477130399468395
2018-06-21,9.43,2018-07-19,0.01975386001645986,-0.031141515163215873,-1.0,0,0.5684104325677649
2018-06-22,9.37,2018-07-20,0.01844823403530585,-0.02997039821570415,-1.0,0,0.5515315424321204
2018-06-25,9.17,2018-07-23,0.017616144624449995,-0.03209810269242941,-1.0,0,0.5701812466411873
2018-06-26,9.1,2018-07-24,0.016369658190680342,-0.030920001204566477,-1.0,0,0.5871695646515748
2018-06-27,8.99,2018-07-25,0.01494302670271043,-0.03041238466765503,0.0,0,0.6034370267852424
2018-06-28,9.12,2018-07-26,0.01977319668970487,-0.031007377705607124,-1.0,0,0.5743771023962986
2018-06-29,9.17,2018-07-27,0.020503796006321063,-0.029620435973089766,-1.0,0,0.5668817133207447
2018-07-02,8.92,2018-07-30,0.02076998961608107,-0.03421837815744323,-1.0,0,0.5829453625426435
2018-07-03,8.97,2018-07-31,0.021634879171187612,-0.03273580213718195,0.0,0,0.580530154390005
2018-07-04,8.94,2018-08-01,0.02055779046551606,-0.0312300541014157,0.0,0,0.6006888086700239
2018-07-05,8.89,2018-08-02,0.01926928366516271,-0.029991807907167146,0.0,0,0.6122590078521807
2018-07-06,8.99,2018-08-03,0.02167963446973921,-0.029247632593457508,0.0,0,0.5656642542550153
2018-07-09,9.21,2018-08-06,0.02852201695738934,-0.030702586688372557,0.0,0,0.5433078578774008
2018-07-10,9.18,2018-08-07,0.026897613343824553,-0.029499081195666507,-1.0,0,0.5316324886809364
2018-07-11,9.0,2018-08-08,0.025954941174796946,-0.032041983516939675,-1.0,0,0.5617976321043314
2018-07-12,9.18,2018-08-09,0.030029547690283546,-0.03172734790460315,-1.0,0,0.513365600484901
2018-07-13,9.2,2018-08-10,0.02887009143912616,-0.029987148775891516,-1.0,0,0.5263393383106931
2018-07-16,9.13,2018-08-13,0.027082555433413744,-0.029540845404772878,-1.0,0,0.5435222955283014
2018-07-17,9.16,2018-08-14,0.026269829922494898,-0.02786542561086745,-1.0,0,0.5231906264513764
2018-07-18,9.22,2018-08-15,0.026035960532539884,-0.026222451869638855,-1.0,0,0.5069541815630412
2018-07-19,9.27,2018-08-16,0.025503035933320525,-0.024643194762124357,-1.0,0,0.510555291047032
2018-07-20,9.57,2018-08-17,0.03412780524287712,-0.027178425135604388,-1.0,1,0.49105342434394256
2018-07-23,9.66,2018-08-20,0.03341356129812079,-0.025335550724874034,-1.0,1,0.4960762211718443
2018-07-24,9.72,2018-08-21,0.032215893293377144,-0.02372626467948722,-1.0,1,0.4943900401173533
2018-07-25,9.72,2018-08-22,0.030568921917154223,-0.02288782936173001,-1.0,1,0.49427865299626195
2018-07-26,9.66,2018-08-23,0.029017489200592557,-0.02324888165044684,-1.0,0,0.5238122180257555
2018-07-27,9.69,2018-08-24,0.027762803420047305,-0.02195311087467737,-1.0,1,0.48336797605286425
2018-07-30,9.82,2018-08-27,0.028379510494824164,-0.02057074104901327,-1.0,1,0.49248708527863916
2018-07-31,9.86,2018-08-28,0.0272038012223626,-0.01935777172377179,-1.0,0,0.5121638969591316
2018-08-01,9.61,2018-08-29,0.029455887164518458,-0.027195193808650587,-1.0,0,0.5268646634389008
2018-08-02,9.5,2018-08-30,0.027917119678466655,-0.028043159023157634,-1.0,0,0.5176083218777144
2018-08-03,9.53,2018-08-31,0.026934639436020463,-0.0264391512240742,-1.0,1,0.48577633496866357
2018-08-06,9.61,2018-09-03,0.026879031674789704,-0.024830732816362135,-1.0,1,0.48465277827991393
2018-08-07,9.81,2018-09-04,0.0302333874417044,-0.024418259903127074,-1.0,1,0.49646129608932676
2018-08-08,9.75,2018-09-05,0.02860197850952553,-0.02450257740319366,-1.0,0,0.5284068113593935
2018-08-09,9.83,2018-09-06,0.028161942493178802,-0.022891055777926158,-1.0,0,0.5109560388017871
2018-08-10,9.77,2018-09-07,0.02664761521760762,-0.02304062247523618,-1.0,0,0.5137407978051111
2018-08-13,9.68,2018-09-10,0.02529886414979834,-0.023787775478128947,-1.0,0,0.5156916733637089
2018-08-14,9.76,2018-09-11,0.025257595175580953,-0.02230946732978483,-1.0,0,0.5094578493232385
2018-08-15,9.6,2018-09-12,0.024825638486256168,-0.025282094244821588,-1.0,0,0.5245335012634722
2018-08-16,9.76,2018-09-13,0.027304724101955564,-0.024536755502562367,0.0,0,0.514889576963027
2018-08-17,9.68,2018-09-14,0.02579356561666787,-0.024851117836264505,-1.0,0,0.5171445113038261
2018-08-20,9.84,2018-09-17,0.027947080995444858,-0.023951533003651333,-1.0,0,0.5275800411005331
2018-08-21,9.82,2018-09-18,0.026416931138920366,-0.023182863908250036,-1.0,0,0.5237031466454489
2018-08-22,9.79,2018-09-19,0.024927692841777038,-0.022592108204503886,-1.0,0,0.5201697835302237
2018-08-23,9.77,2018-09-20,0.02354667585519924,-0.021814480230999717,-1.0,0,0.513254773529935
2018-08-24,9.99,2018-09-21,0.02813009169831192,-0.02227715280022664,-1.0,0,0.5198101269287443
2018-08-27,10.02,2018-09-25,0.026906939944042568,-0.021039995226727313,-1.0,0,0.522183415629836
2018-08-28,9.99,2018-09-26,0.025450069797768295,-0.020713310291625923,-1.0,0,0.52170094060287
2018-08-29,10.01,2018-09-27,0.02428948375263931,-0.019622891818510495,-1.0,0,0.5220969892408128
2018-08-30,9.86,2018-09-28,0.02403131039121834,-0.022666298641292274,-1.0,0,0.5005727249619774
2018-08-31,10.02,2018-10-08,0.026256180355063562,-0.021935455438463782,-1.0,0,0.5023512968418782
2018-09-03,9.93,2018-10-09,0.02498265335013957,-0.022787711758930247,-1.0,0,0.5077301547882791
2018-09-04,10.06,2018-10-10,0.02608245108793574,-0.021601313457793973,-1.0,0,0.5112095331584816
2018-09-05,9.82,2018-10-11,0.02735929739970951,-0.027857315734343153,-1.0,0,0.5050558881796616
2018-09-06,9.83,2018-10-12,0.026141456029410214,-0.02640156785598351,-1.0,1,0.4670550720241322
2018-09-07,9.88,2018-10-15,0.02555502348439769,-0.024818934184630673,-1.0,1,0.4765389329971946
2018-09-10,9.87,2018-10-16,0.02420951739007432,-0.02373400802361845,-1.0,1,0.4700280890427961
2018-09-11,9.72,2018-10-17,0.023392360422498898,-0.025857375757610254,-1.0,1,0.4789201579374058
2018-09-12,9.74,2018-10-18,0.022593649065563534,-0.024423901035426188,-1.0,1,0.4712484025336426
2018-09-13,9.98,2018-10-19,0.02864837662349381,-0.025618604596226682,-1.0,1,0.49339398191756384
2018-09-14,9.95,2018-10-22,0.027036874589021268,-0.0248670808500653,-1.0,0,0.5072454227850118
2018-09-17,9.84,2018-10-23,0.02567766501369691,-0.025828804011784365,-1.0,0,0.5060210932611515
2018-09-18,9.95,2018-10-24,0.026418596149069683,-0.024422007623529758,-1.0,0,0.5137678999835591
2018-09-19,9.93,2018-10-25,0.024959624099107437,-0.023534139242666556,-1.0,0,0.5117770635206694
2018-09-20,9.91,2018-10-26,0.023575580672671625,-0.022666808659701304,-1.0,0,0.5253067820400117
2018-09-21,10.17,2018-10-29,0.02981659435982638,-0.024003895871900847,-1.0,0,0.5282835173613242
2018-09-25,10.04,2018-10-30,0.028699613728869925,-0.025878600811223017,-1.0,0,0.5273679685651961
2018-09-26,10.1,2018-10-31,0.027951510269285156,-0.024256308105699856,-1.0,0,0.5240959492157427
2018-09-27,10.16,2018-11-01,0.027183004124420325,-0.022715916452605053,-1.0,0,0.5225504709462379
2018-09-28,10.3,2018-11-02,0.02806829118789083,-0.021398069008629395,-1.0,0,0.5199834264887837
2018-10-08,9.85,2018-11-05,0.03568110198902158,-0.03796994858873744,-1.0,0,0.602625032973127
2018-10-09,9.84,2018-11-06,0.0338975008226127,-0.036158838222355605,-1.0,0,0.5023477447503264
2018-10-10,9.86,2018-11-07,0.032539245808442724,-0.03420426536059107,-1.0,0,0.5193100954307013
2018-10-11,9.5,2018-11-08,0.03410031505133964,-0.04255914226518815,-1.0,0,0.5608843527744747
2018-10-12,9.73,2018-11-09,0.038758210009577146,-0.04180191082210674,-1.0,0,0.5377317273246903
2018-10-15,9.73,2018-11-12,0.036948031741921815,-0.03970185628659146,-1.0,0,0.5529628756634725
2018-10-16,9.75,2018-11-13,0.035468623426190046,-0.037560178966605434,-1.0,0,0.554700800891305
2018-10-17,9.98,2018-11-14,0.03907308848550887,-0.036470210164932314,0.0,0,0.5420171770077845
2018-10-18,9.88,2018-11-15,0.036792320701372186,-0.036342097458945774,0.0,0,0.5906675035026664
2018-10-19,10.07,2018-11-16,0.03864428025077987,-0.03457979255525122,1.0,1,0.48213758438842447
2018-10-22,10.3,2018-11-19,0.04101364896397388,-0.0329933981918289,1.0,1,0.4810784696964358
2018-10-23,10.14,2018-11-20,0.039259395672676625,-0.03495535925978355,0.0,0,0.5752979435946547
2018-10-24,10.42,2018-11-21,0.04305648129826585,-0.033905210258029256,1.0,1,0.48986383611927753
2018-10-25,10.51,2018-11-22,0.04164167234966426,-0.031723855694212114,0.0,0,0.5077861887348997
2018-10-26,10.59,2018-11-23,0.04013895561372742,-0.029718073877842133,0.0,0,0.5088943532249394
2018-10-29,10.46,2018-11-26,0.038400408703393646,-0.03131484903759267,-1.0,0,0.5129343524299483
2018-10-30,10.62,2018-11-27,0.038566602094236645,-0.029241571920416716,1.0,1,0.4949600641798391
2018-10-31,10.65,2018-11-28,0.036753859553123144,-0.027783594157762256,1.0,1,0.48366102903067454
2018-11-01,10.56,2018-11-29,0.03492300342524793,-0.028426096638969032,1.0,1,0.48426143349488293
2018-11-02,10.84,2018-11-30,0.038687507697160915,-0.027761734890527627,1.0,1,0.4832793468604022
2018-11-05,10.8,2018-12-03,0.036671464837667776,-0.027491003726904325,1.0,1,0.49301593327467264
2018-11-06,10.7,2018-12-04,0.034908880769442305,-0.028374177859703947,1.0,1,0.4871850802307431
2018-11-07,10.57,2018-12-05,0.033292129957451955,-0.029684541610545827,1.0,0,0.5132536328802307
2018-11-08,10.73,2018-12-06,0.034073751355813635,-0.027933552375279516,-1.0,1,0.48149717511835416
2018-11-09,10.43,2018-12-07,0.03503842148894338,-0.034816336697031554,-1.0,0,0.5376125973072935
2018-11-12,10.47,2018-12-10,0.033759159400169034,-0.03283441601701072,-1.0,0,0.5031176165106522
2018-11-13,10.49,2018-12-11,0.032282686925427795,-0.03108410957876075,-1.0,0,0.518295214405063
2018-11-14,10.38,2018-12-12,0.03041178504610204,-0.031327357922927096,-1.0,0,0.5080282484792987
2018-11-15,10.45,2018-12-13,0.029901566256052645,-0.029453751239846743,-1.0,0,0.5072380434086612
2018-11-16,10.44,2018-12-14,0.028346053626872716,-0.02813136385030547,-1.0,0,0.5206400851308449
2018-11-19,10.55,2018-12-17,0.028677291602725676,-0.026483048471545784,-1.0,0,0.5252530207396835
2018-11-20,10.37,2018-12-18,0.027795755714849362,-0.02906763097711518,-1.0,0,0.5171034778167742
2018-11-21,10.34,2018-12-19,0.026226734452275503,-0.027929859689563623,-1.0,0,0.5230672502654262
2018-11-22,10.32,2018-12-20,0.024812925057478268,-0.026715752653119904,-1.0,0,0.5276289711680242
2018-11-23,10.18,2018-12-21,0.02350768961752096,-0.02781977172786339,-1.0,0,0.5612160936267989
2018-11-26,10.18,2018-12-24,0.0224948933289185,-0.026396300952561652,-1.0,0,0.5360450655208254
2018-11-27,10.17,2018-12-25,0.021399290692204455,-0.025119611875500637,-1.0,0,0.5365763540786813
2018-11-28,10.26,2018-12-26,0.022192185600427582,-0.023882000004362223,-1.0,0,0.5366176572791023
2018-11-29,10.31,2018-12-27,0.02188641679501071,-0.022481963160475384,-1.0,0,0.5568740684383253
2018-11-30,10.39,2018-12-28,0.0221312125245654,-0.02118432590284296,-1.0,0,0.5362853648428928
2018-12-03,10.69,2019-01-02,0.029968113758200327,-0.023606644909975258,-1.0,0,0.5447004744312048
2018-12-04,10.75,2019-01-03,0.02893265657082262,-0.02211037523195232,-1.0,0,0.548775513371391
2018-12-05,10.67,2019-01-04,0.027515556275694342,-0.022752539826240262,-1.0,0,0.5410914778124009
2018-12-06,10.57,2019-01-07,0.026197708181458758,-0.02367878853671459,-1.0,0,0.5174198233910754
2018-12-07,10.56,2019-01-08,0.024810438203381163,-0.022702844239088825,1.0,1,0.4905533650153702
2018-12-10,10.5,2019-01-09,0.02337091208575943,-0.022549755641875887,-1.0,0,0.5120886758800226
2018-12-11,10.4,2019-01-10,0.02210749142358847,-0.023174064164836694,-1.0,0,0.5065413331295375
2018-12-12,10.41,2019-01-11,0.021168210536399366,-0.021942728730862043,-1.0,0,0.5215881423790133
2018-12-13,10.47,2019-01-14,0.021041299049469036,-0.020637291701601935,-1.0,0,0.5263310719503845
2018-12-14,10.3,2019-01-15,0.020787646021698733,-0.023507829849818973,-1.0,0,0.521863059892778
2018-12-17,10.46,2019-01-16,0.023632374073769703,-0.02314111182302135,-1.0,0,0.5093276875022001
2018-12-18,10.25,2019-01-17,0.023705476779464194,-0.027089572838310923,-1.0,0,0.5184700673223153
2018-12-19,10.22,2019-01-18,0.022361728251650143,-0.025975910400130517,-1.0,0,0.5230956794415197
2018-12-20,9.94,2019-01-21,0.023434738571448756,-0.031923760515311955,-1.0,0,0.5394810988751967
2018-12-21,9.77,2019-01-22,0.021974455405090007,-0.03291214192572814,-1.0,0,0.5257858967623851
2018-12-24,9.61,2019-01-23,0.020411460836506256,-0.03343127245041695,-1.0,0,0.5377416152774825
2018-12-25,9.5,2019-01-24,0.018800544970560835,-0.03275180309743242,-1.0,0,0.5669304542767797
2018-12-26,9.38,2019-01-25,0.01723969472476759,-0.03226226160146092,-1.0,0,0.567730175413316
2018-12-27,9.37,2019-01-28,0.016956813600873713,-0.03075818363216768,-1.0,0,0.558795981002461
2018-12-28,9.5,2019-01-29,0.02100232772149359,-0.030841662511711936,-1.0,0,0.574257455593132
2019-01-02,9.41,2019-01-30,0.019454717044934892,-0.030166496140846738,0.0,0,0.544600027004945
2019-01-03,9.51,2019-01-31,0.021645266232379324,-0.029317828271537654,0.0,0,0.5563614550432144
2019-01-04,9.66,2019-02-01,0.02500353742484781,-0.02893585546027677,-1.0,0,0.5543163108170842
2019-01-07,9.68,2019-02-11,0.024191044106640948,-0.02734885566250525,-1.0,1,0.4965510496115607
2019-01-08,9.66,2019-02-12,0.022885587392805207,-0.026142654990968146,-1.0,1,0.48907781445947685
2019-01-09,9.69,2019-02-13,0.02231268765928544,-0.02466908215286143,-1.0,0,0.5018005543583084
2019-01-10,9.66,2019-02-14,0.021013027219217353,-0.02373547938007182,-1.0,0,0.5116160922989573
2019-01-11,9.75,2019-02-15,0.021884022026689372,-0.022575764457938654,-1.0,0,0.5186647862313494
2019-01-14,9.76,2019-02-18,0.02094268756953995,-0.02137807357876549,-1.0,0,0.5130482346203095
2019-01-15,9.81,2019-02-19,0.020669560474930713,-0.020092052578515724,-1.0,0,0.5143362252280052
2019-01-16,9.82,2019-02-20,0.019747238692185646,-0.019034255357333992,-1.0,0,0.5151371601256324
2019-01-17,9.86,2019-02-21,0.019294615667556952,-0.01786858312650069,-1.0,0,0.5253429521942542
2019-01-18,10.12,2019-02-22,0.02664946401048419,-0.020330672663814237,-1.0,0,0.5396692569913202
2019-01-21,10.04,2019-02-25,0.025421524965924584,-0.02120928517608034,-1.0,0,0.5748251968373487
2019-01-22,9.94,2019-02-26,0.024298582483611327,-0.02239227029279987,-1.0,0,0.5874406307029824
2019-01-23,9.96,2019-02-27,0.023267736102612967,-0.021162025072831176,-1.0,0,0.5191769899850934
2019-01-24,10.07,2019-02-28,0.023963797319038544,-0.019963392101616916,-1.0,0,0.5162478734972881
2019-01-25,10.18,2019-03-01,0.024416151794878833,-0.018720547074354506,-1.0,0,0.516569839325625
2019-01-28,10.11,2019-03-04,0.023258694796562483,-0.019419814335135708,-1.0,0,0.535206104458058
2019-01-29,10.26,2019-03-05,0.024876081562518554,-0.018583761145037188,-1.0,0,0.5094921207260183
2019-01-30,10.18,2019-03-06,0.02379907361901603,-0.019591736098437652,-1.0,0,0.5618938292719788
2019-01-31,10.41,2019-03-07,0.028103153455234633,-0.019991752841378004,-1.0,0,0.5198880686159194
2019-02-01,10.45,2019-03-08,0.02690555692182087,-0.01884286112833154,-1.0,0,0.5018161155574586
2019-02-11,10.38,2019-03-11,0.02570689464408213,-0.019688265116639403,-1.0,0,0.5071651286316461
2019-02-12,10.4,2019-03-12,0.024503708020252972,-0.018696376543042882,-1.0,0,0.5219717542748442
2019-02-13,10.53,2019-03-13,0.02516095190756352,-0.017525747237706776,-1.0,0,0.5140716166172414
2019-02-14,10.49,2019-03-14,0.023905745081027396,-0.01772151228449034,-1.0,0,0.5445385735233647
2019-02-15,10.34,2019-03-15,0.023834266712910473,-0.020962817992234095,-1.0,0,0.573653566162682
2019-02-18,10.51,2019-03-18,0.025994387183922323,-0.020272600246167498,-1.0,0,0.5591508978774428
2019-02-19,10.47,2019-03-19,0.02459364373512413,-0.020140598410488816,-1.0,0,0.5570617719093011
2019-02-20,10.5,2019-03-20,0.023569906300140206,-0.018988579577851113,-1.0,0,0.5488925440888593
2019-02-21,10.46,2019-03-21,0.0222809845638767,-0.018859784196091328,-1.0,0,0.5601686964955643
2019-02-22,10.68,2019-03-22,0.02630371699895109,-0.01920834523762147,-1.0,0,0.5627042323020458
2019-02-25,11.56,2019-03-25,0.06325292286074588,-0.04113806269573335,-1.0,1,0.49695437047234464
2019-02-26,11.3,2019-03-26,0.06146622734097491,-0.04574325862024929,-1.0,0,0.5738956621684175
2019-02-27,11.47,2019-03-27,0.05971060248124715,-0.042627916495828734,-1.0,0,0.5714665607760226
2019-02-28,11.39,2019-03-28,0.05662494186438763,-0.0425025116871043,-1.0,0,0.5596784874467102
2019-03-01,11.66,2019-03-29,0.056843877523467985,-0.0395521549821164,-1.0,0,0.5506683426022977
2019-03-04,11.66,2019-04-01,0.05396273790004383,-0.03831784607691621,-1.0,0,0.5667682361104006
2019-03-05,11.62,2019-04-02,0.05115933202150338,-0.037652048943435525,-1.0,0,0.5941362532520658
2019-03-06,11.66,2019-04-03,0.04872075984572905,-0.035852265632239096,-1.0,0,0.5776262265172759
2019-03-07,11.52,2019-04-04,0.04640557990837678,-0.03704837085807634,-1.0,0,0.6034963989362555
2019-03-08,11.15,2019-04-08,0.04663004023161333,-0.0442782796622939,-1.0,0,0.6194478018428194
2019-03-11,11.12,2019-04-09,0.0441052637159166,-0.04249176605796092,-1.0,0,0.5937889621187293
2019-03-12,11.1,2019-04-10,0.04177350910524284,-0.04065653503375913,-1.0,0,0.6083444936023014
2019-03-13,11.1,2019-04-11,0.03971004682614599,-0.03869945123766073,-1.0,0,0.6114017159124258
2019-03-14,11.11,2019-04-12,0.03783480101914373,-0.03674902405813325,-1.0,0,0.6059737504361109
2019-03-15,11.09,2019-04-15,0.03581950137458769,-0.0351799888860544,-1.0,0,0.6286243598399209
2019-03-18,11.24,2019-04-16,0.03626272512423195,-0.03311269001555898,-1.0,0,0.6147336077499428
2019-03-19,11.2,2019-04-17,0.03422366509536947,-0.03205934761609392,-1.0,0,0.6250172197455054
2019-03-20,11.2,2019-04-18,0.032509694781333615,-0.03055150277627479,-1.0,0,0.6285018517776149
2019-03-21,11.11,2019-04-19,0.030599284447437262,-0.030351396442860227,-1.0,0,0.6302259304969835
2019-03-22,11.05,2019-04-22,0.02877601653147695,-0.029580308336859634,-1.0,0,0.6368695477526027
2019-03-25,10.7,2019-04-23,0.030168218056876087,-0.036934005880793756,-1.0,0,0.6657223971323949
2019-03-26,10.76,2019-04-24,0.029841523361429492,-0.03489628377354548,-1.0,0,0.6571447916029521
2019-03-27,10.75,2019-04-25,0.028432177058430548,-0.03317696028844025,-1.0,0,0.644379415028615
2019-03-28,10.7,2019-04-26,0.02674044361477675,-0.03192858082288077,-1.0,0,0.6746354671022602
2019-03-29,10.94,2019-04-29,0.031491361282392966,-0.031918723518296596,1.0,0,0.5865216527219439
2019-04-01,11.1,2019-04-30,0.03264699052795149,-0.030252699217578585,1.0,0,0.5713129614157542
2019-04-02,11.1,2019-05-06,0.031006590811743468,-0.0288403272452156,1.0,0,0.5468560110988797
2019-04-03,11.15,2019-05-07,0.029945747333645852,-0.02712865172583492,1.0,0,0.5522776311196258
2019-04-04,11.36,2019-05-08,0.032160401037964574,-0.02603064786899278,1.0,0,0.5463675565330278
2019-04-08,11.37,2019-05-09,0.03056476513673184,-0.024847369412424023,-1.0,0,0.6181021587610463
2019-04-09,11.19,2019-05-10,0.029731822979475558,-0.02756846494319706,-1.0,0,0.6142089178711733
2019-04-10,11.13,2019-05-13,0.02799433993113927,-0.027065587422125392,-1.0,0,0.572407245936942
2019-04-11,11.12,2019-05-14,0.026533546993964097,-0.025864675676284872,-1.0,0,0.5921565637759368
2019-04-12,11.14,2019-05-15,0.025409969326940667,-0.024461942896659462,-1.0,0,0.5635708863697366
2019-04-15,11.12,2019-05-16,0.02401578279137561,-0.023500901735406907,-1.0,0,0.5852250445153087
2019-04-16,11.59,2019-05-17,0.03820259796676979,-0.029679610344702855,-1.0,0,0.5088776718008113
2019-04-17,11.55,2019-05-20,0.03614346992296486,-0.029098862074428116,-1.0,0,0.5731685543173404
2019-04-18,11.55,2019-05-21,0.034288213409741454,-0.027914520594398688,-1.0,0,0.567268335888119
2019-04-19,11.65,2019-05-22,0.033481008536629886,-0.02605719122751024,-1.0,0,0.5025378778360324
2019-04-22,11.36,2019-05-23,0.034135299718416626,-0.03216136977207028,-1.0,0,0.5912252617667622
2019-04-23,11.35,2019-05-24,0.032358088660772215,-0.030743580614077903,-1.0,0,0.5278504577130871
2019-04-24,11.27,2019-05-27,0.030440744350221868,-0.030313332307974634,-1.0,0,0.5532991239224774
2019-04-25,11.19,2019-05-28,0.028596190336985856,-0.0298332937273336,-1.0,0,0.6120826474062419
2019-04-26,10.98,2019-05-29,0.027518732304525402,-0.032218968705316216,-1.0,0,0.5827858408775658
2019-04-29,11.13,2019-05-30,0.02918920145449935,-0.03083227248378628,-1.0,1,0.46585031484321276
2019-04-30,11.61,2019-05-31,0.042281506080649484,-0.035558570345242416,0.0,0,0.5047597781196873
2019-05-06,11.44,2019-06-03,0.040219672277082855,-0.036917968516476454,0.0,0,0.6021945325279876
2019-05-07,11.44,2019-06-04,0.0381933674201406,-0.03520611163673482,0.0,1,0.49645966660519136
2019-05-08,11.16,2019-06-05,0.037276873751824556,-0.039240785185885994,0.0,0,0.5531260833798373
2019-05-09,10.78,2019-06-06,0.037364163443899784,-0.04563627378900299,0.0,0,0.5777642047018063
2019-05-10,10.98,2019-06-10,0.039811938376158484,-0.04375337154553757,0.0,0,0.5852125647510692
2019-05-13,10.97,2019-06-11,0.03787972125820754,-0.04161720841145528,0.0,0,0.5775382375672017
2019-05-14,10.87,2019-06-12,0.03550096458740102,-0.04061583391652993,0.0,0,0.5865069015020974
2019-05-15,10.98,2019-06-13,0.03564291648587588,-0.03834684587889728,-1.0,0,0.5552532490768536
2019-05-16,10.96,2019-06-14,0.03379555117283951,-0.03658482062366839,0.0,0,0.5764173314995795
2019-05-17,10.9,2019-06-17,0.031778138394399774,-0.03534938218324496,0.0,0,0.5528746339475565
2019-05-20,11.0,2019-06-18,0.03186466669371642,-0.033343411074100146,0.0,0,0.5531225234829281
2019-05-21,10.98,2019-06-19,0.030178822118389008,-0.0318595908434981,0.0,0,0.5947670767389404
2019-05-22,10.82,2019-06-20,0.028496263884256856,-0.03279791177840318,0.0,0,0.5745006853885057
2019-05-23,10.77,2019-06-21,0.02680442058617463,-0.03157257820468797,0.0,0,0.5799082939045044
2019-05-24,10.78,2019-06-24,0.02576287153516312,-0.029905490332865662,0.0,0,0.5852743772909776
2019-05-27,10.88,2019-06-25,0.0263588971446127,-0.02833555224729595,0.0,0,0.5540055663805704
2019-05-28,10.95,2019-06-26,0.026105659262684523,-0.02667501387939794,-1.0,0,0.5155245358297974
2019-05-29,10.78,2019-06-27,0.02498916387715685,-0.02845667519704042,-1.0,0,0.5569969875615586
2019-05-30,10.78,2019-06-28,0.023871373945224015,-0.027008646091785344,-1.0,0,0.5492062338675234
2019-05-31,10.79,2019-07-01,0.022910391156809175,-0.025577446908459898,-1.0,0,0.5481358326862961
2019-06-03,10.94,2019-07-02,0.024936308891733445,-0.024701740286084097,-1.0,0,0.5234314120907191
2019-06-04,11.01,2019-07-03,0.02462463094043639,-0.023193354582944123,-1.0,0,0.5336687408151336
2019-06-05,11.07,2019-07-04,0.02407812239826756,-0.02175458664625075,-1.0,0,0.5296271529358634
2019-06-06,11.12,2019-07-05,0.023370040390568697,-0.020410650900648725,-1.0,0,0.5460413216007822
2019-06-10,11.26,2019-07-08,0.024411496247724093,-0.019333953375891732,-1.0,0,0.5204311571366028
2019-06-11,11.42,2019-07-09,0.025608174787323013,-0.018309445522331828,-1.0,0,0.5189790534573948
2019-06-12,11.6,2019-07-10,0.02693870152274827,-0.017325565521089575,-1.0,1,0.4768878034207197
2019-06-13,11.7,2019-07-11,0.026343343419212104,-0.016007648941520906,-1.0,1,0.48237699603889306
2019-06-14,11.79,2019-07-12,0.025608583756848033,-0.014790574467508375,-1.0,1,0.47707882766998144
2019-06-17,11.77,2019-07-15,0.024416961699476936,-0.01495304853293153,-1.0,1,0.458509887534056
2019-06-18,11.82,2019-07-16,0.02340821015726939,-0.014045622054204503,-1.0,1,0.4969068606790561
2019-06-19,11.88,2019-07-17,0.022535806419017212,-0.013093464801958502,-1.0,1,0.46303059873830815
2019-06-20,12.2,2019-07-18,0.028411291176749825,-0.014744410666077654,-1.0,1,0.45222250784379586
2019-06-21,12.09,2019-07-19,0.027957695721942278,-0.01730670859323889,-1.0,0,0.520080220076077
2019-06-24,12.03,2019-07-22,0.02675004751787416,-0.0180658210680949,-1.0,0,0.5321212831321303
2019-06-25,11.66,2019-07-23,0.03103448613873103,-0.02904399554131171,-1.0,0,0.5154895752016454
2019-06-26,11.66,2019-07-24,0.029479765383719794,-0.027678845319388027,-1.0,1,0.46995358494226636
2019-06-27,11.64,2019-07-25,0.027882228188104853,-0.026576633844185633,-1.0,1,0.4767845066240472
2019-06-28,11.68,2019-07-26,0.026867596870904373,-0.025038725797834605,-1.0,1,0.48767157375513676
2019-07-01,11.71,2019-07-29,0.02578221501716344,-0.023632284046290794,-1.0,1,0.4881447833853284
2019-07-02,11.61,2019-07-30,0.024361676151893497,-0.02403554813062777,-1.0,0,0.5458817031308151
2019-07-03,11.56,2019-07-31,0.022911935622907862,-0.02343591503223887,-1.0,0,0.5260461588107387
2019-07-04,11.62,2019-08-01,0.02254516700577143,-0.022028767423737577,-1.0,0,0.5123178090412526
2019-07-05,11.57,2019-08-02,0.021200275672473585,-0.021552104622062005,-1.0,0,0.5754719144340663
2019-07-08,11.36,2019-08-05,0.02115721492897572,-0.024942203026222392,-1.0,0,0.6053774842616719
2019-07-09,11.37,2019-08-06,0.02036253092184492,-0.02361561539078238,-1.0,0,0.522210102905484
2019-07-10,11.35,2019-08-07,0.01927297951636545,-0.022559103559689823,-1.0,0,0.5712873646849075
2019-07-11,11.4,2019-08-08,0.019157831333169124,-0.021292895943795936,-1.0,0,0.5727393931517442
2019-07-12,11.52,2019-08-09,0.020495168203361128,-0.020426893327261574,-1.0,0,0.5948756553020041
2019-07-15,11.5,2019-08-12,0.019359313732859856,-0.019621350749722166,-1.0,0,0.5677055826244226
2019-07-16,11.55,2019-08-13,0.019021121657057785,-0.018439155148504638,-1.0,0,0.5414825630416684
2019-07-17,11.48,2019-08-14,0.017909379526033168,-0.01854474316115175,-1.0,0,0.5458934612494521
2019-07-18,11.49,2019-08-15,0.017151188933015815,-0.017554613174313574,-1.0,0,0.5139570497723712
2019-07-19,11.58,2019-08-16,0.01775554897971841,-0.016634837578987812,-1.0,0,0.522097939864061
2019-07-22,11.48,2019-08-19,0.01694944383870618,-0.01757356209518802,-1.0,0,0.5237463888474517
2019-07-23,11.49,2019-08-20,0.016238562724886305,-0.016631812575988923,-1.0,0,0.5452134526031186
2019-07-24,11.59,2019-08-21,0.017176611307265523,-0.015875265934453608,-1.0,0,0.5189081045170402
2019-07-25,11.88,2019-08-22,0.024468583638986505,-0.018529271158823336,-1.0,0,0.5348995587891197
2019-07-26,11.87,2019-08-23,0.023185872333007063,-0.017964589612859433,-1.0,0,0.5325091730848206
2019-07-29,11.86,2019-08-26,0.02196429445556814,-0.01739265770876791,-1.0,0,0.5218938970629364
2019-07-30,11.86,2019-08-27,0.02083665541173012,-0.016700412640815624,-1.0,0,0.5199248537214544
2019-07-31,11.87,2019-08-28,0.019816118167974982,-0.015921422327623773,-1.0,0,0.5155849599536559
2019-08-01,11.65,2019-08-29,0.020989825288331133,-0.02098986238515623,-1.0,1,0.4847532822046644
2019-08-02,11.48,2019-08-30,0.0204258065320771,-0.023206792476823616,-1.0,0,0.5258192933326339
2019-08-05,11.24,2019-09-02,0.02059922597870599,-0.027096308500143322,-1.0,0,0.5072779872767895
2019-08-06,11.09,2019-09-03,0.019271998619448213,-0.027683644710272466,-1.0,0,0.5407926060347261
2019-08-07,11.07,2019-09-04,0.018402133327656826,-0.026355527409831152,-1.0,0,0.5326040732928758
2019-08-08,11.26,2019-09-05,0.02285584234209459,-0.026775579845014212,-1.0,0,0.5173567854498257
2019-08-09,11.37,2019-09-06,0.02380448766493352,-0.025484250167575082,-1.0,0,0.5372481686017799
2019-08-12,11.43,2019-09-09,0.02347628051925083,-0.02398654183116462,-1.0,0,0.5502996939821012
2019-08-13,11.33,2019-09-10,0.022079695395196323,-0.024198503248832617,-1.0,0,0.5568615480677813
2019-08-14,11.28,2019-09-11,0.02072390471483983,-0.02347901658241552,-1.0,0,0.5665528649481352
2019-08-15,11.29,2019-09-12,0.019906750181622225,-0.022228041871333565,-1.0,0,0.5629397641908233
